Workbook

Sheet 全日程一覧
A1: インターンシップ 教員見回り担当表
A2: 日付 | B2: 教員番号 | C2: 担当教員名 ▼ここに入力 | D2: 訪問先企業 | E2: 住 所 | F2: 担当生徒（年-組-番） | G2: 距離
A3: 7/27(月) | B3: 教員 1 | C3: 後藤 | D3: きもの館なかね → 江南市立宮田南保育園 → 株式会社扶桑守口食品 | E3: 愛知県江南市古知野町本郷３４ ／ 江南市前飛保町西町 2 ／ 愛知県丹羽郡扶桑町大字山那字屋敷地757 | F3: 1-5-9 1-5-10 1-5-26 1-5-30 1-5-40 | G3: 14.1km
B4: 教員 2 | C4: 小串 | D4: 株式会社青山製作所 大口工場 → 大口屋木賀工場 | E4: 愛知県丹羽郡大口町高橋一丁目8番地 ／ 江南市木賀町定和244-1 その他 | F4: 1-5-17 2-1-11 1-5-20 1-5-21 | G4: 5.8km
B5: 教員 3 | C5: 藤田 | D5: ドコモショップ江南店 → 江南市立藤里保育園 → GARN（ガルン） モゾワンダーシティ店 | E5: 愛知県江南市木賀町定和163 ／ 江南市藤が丘7丁目1-16 ／ 愛知県名古屋市西区二方町40番 | F5: 2-1-6 2-1-13 2-1-36 2-4-1 | G5: 32.1km
A6: 7/28(火) | B6: 教員 1 | C6: 杉村充 | D6: 江南中央食品 → 大口屋木賀工場→ 株式会社扶桑守口食品 | E6: 江南市古知野町北屋敷242 ／ 江南市木賀町定和244-1 ／ 愛知県丹羽郡扶桑町大字山那字屋敷地757 | F6: 1-5-8 1-5-29 1-5-37 | G6: 6.1km
B7: 教員 2 | C7: 長谷川 | D7: サンハウス食品株式会社 → 江南市立草井保育園 | E7: 愛知県江南市高屋町西里７７番地 ／ 江南市草井町若草57 | F7: 1-5-16 1-5-19 1-5-12 1-5-14 1-5-7 1-5-15 | G7: 11.0km
B8: 教員 3 | C8: 水野 | D8: 江南市立藤里保育園 → 東名化学工業株式会社 小牧工場 | E8: 江南市藤が丘7丁目1-16 ／ 小牧市大草檀之上5410 | F8: 2-2-13 2-1-15 2-4-20 | G8: 28.7km
A9: 7/29(水) | B9: 教員 1 | C9: 川瀬 | D9: 江南中央食品 →榮美容室本店 | E9: 江南市古知野町北屋敷242 ／ 江一宮市大江2-9-16 | F9: 1-5-27 | G9: 17.3km
B10: 教員 2 | C10: 後藤 | D10: 江南市立布袋西保育園 → ガレ・ドゥ・ワタナベ | E10: 南市木賀町定和３１ ／ 江南市小折町八反畑8 | F10: 1-5-35 1-5-4 1-5-22 1-5-11 1-5-13 | G10: 7.7km
B11: 教員 3 | C11: 石黒慎 | D11: 株式会社綿半ホームエイド江南店 → 江南市立藤里保育園 | E11: 江南市上奈良町緑13 ／ 江南市藤が丘7丁目1-16 | F11: 2-1-21 2-2-4 2-2-20 | G11: 8.6km
B12: 教員 4 | C12: 梶田 | D12: 株式会社青山製作所 大口工場 → キムラユニティー株式会社 犬山工場 | E12: 愛知県丹羽郡大口町高橋一丁目8番地 ／ 愛知県犬山市字舟田10番地 | F12: 2-2-14 2-4-21 2-1-1 2-1-19 2-4-14 | G12: 10.3km
A13: 7/30(木) | B13: 教員 1 | C13: 河合 | D13: 江南市立藤里保育園 | E13: 江南市藤が丘7丁目1-16 | F13: 2-4-7 | G13: 7.2km
B14: 教員 2 | C14: 川瀬 | D14: 江南市立古知野中保育園 → 江南市立古知野西保育園 → ガレ・ドゥ・ワタナベ | E14: 江南市古知野町熱田203 ／ 江南市東野町郷前48 ／ 江南市小折町八反畑8 | F14: 1-5-18 1-5-39 2-4-3 1-5-2 1-5-32 1-5-33 1-5-38 | G14: 9.7km
B15: 教員 3 | C15: 小池 | D15: 江南市立古知野東保育園 → 江南市立小鹿保育園 → リスパック株式会社 真空成形工場 | E15: 江南市高屋町大師７２番地 ／ 江南市小杁町長者毛東1 ／ 愛知県犬山市羽黒宮浦1番地 | F15: 1-5-3 1-5-31 1-5-36 2-2-8 1-5-6 2-1-27 2-1-28 2-3-11 2-3-17 | G15: 14.9km
B16: 教員 4 | C16: 本田 | D16: ＮＸキャッシュ・ロジスティクス株式会社 中部支店 | E16: 愛知県名古屋市中村区並木1-81-1 | F16: 2-2-9 2-2-11 2-2-15 2-4-12 | G16: 40.6km
A17: 7/31(金) | B17: 教員 1 | C17: 本田 | D17: 江南市立布袋北保育園 → 江南市立古知野南保育園 → 九品寺幼稚園→宮田東保育園 | E17: 江南市安良町八王子137 ／ 江南市古知野町塔塚160 ／ 一宮市真清田2-14-7 / 江南市宮田神明町栄174 | F17: 1-5-28 1-5-23 2-1-17 1-5-5 | G17: 18.0km
B18: 教員 2 | C18: 大脇 | D18: 東罐興業株式会社 小牧工場 → 東名化学工業株式会社 小牧工場 | E18: 愛知県小牧市東田中2118 ／ 小牧市大草檀之上5410 | F18: 1-5-34 2-3-8 2-3-13 | G18: 22.3km
B19: 教員 3 | C19: 石黒慎 | D19: グンゼ江南工場 | E19: 愛知県江南市村久野町鳥附１番地 | F19: 2-4-22 1-5-24 2-1-29 2-1-32 2-3-12 2-3-15 1-5-1 1-5-25 | G19: 8.4km
B20: 教員 4 | C20: 村瀬 | D20: 福玉ロジスティクス株式会社 大口センター → 株式会社メイコン 本社 | E20: 集合場所：丹羽郡大口町御供所1-65 就業体験場所：丹羽郡大口町御供所3丁目122番地 ／ 本社（愛知県小牧市大字三ツ渕950番地） | F20: 2-4-18 2-4-25 2-1-14 2-2-6 2-4-24 | G20: 9.2km
A21: 8/24(月) | B21: 教員 1 | C21: 内田 | D21: 美容室ISA → 江南市立古知野東保育園 → 江南市立小鹿保育園 | E21: 丹羽郡大口町丸2-36 メガドンキユニー大口店 1F ／ 江南市高屋町大師７２番地 ／ 江南市小杁町長者毛東1 | F21: 2-1-33 2-3-18 2-4-5 2-4-26 2-3-1 2-4-27 | G21: 9.9km
B22: 教員 2 | C22: 本田 | D22: きもの館なかね → 江南市立門弟山保育園 → 江南市立古知野西保育園 | E22: 愛知県江南市古知野町本郷３４ ／ 江南市村久野町門弟山271 ／ 江南市東野町郷前48 | F22: 2-4-2 2-4-4 2-1-3 2-3-3 2-4-8 | G22: 8.5km
B23: 教員 3 | C23: 松本 | D23: 福玉米粒麦株式会社 → 江南市立布袋保育園 | E23: 愛知県江南市南山町西31 ／ 江南市布袋下山町南70 | F23: 2-1-22 2-2-1 2-2-12 | G23: 5.7km
A24: 8/25(火) | B24: 教員 1 | C24: 中原 | D24: 株式会社青山製作所 大口工場 → 株式会社東海理化電機製作所 → 江南郵便局 | E24: 愛知県丹羽郡大口町高橋一丁目8番地 ／ 愛知県丹羽郡大口町豊田三丁目260番地 ／ 江南市赤童子町良原143-1 | F24: 2-3-10 2-4-13 2-1-34 2-1-35 2-4-29 2-1-7 2-2-3 2-2-5 | G24: 8.7km
B25: 教員 2 | C25: 堀場 | D25: 江南市立宮田南保育園 → 江南市立宮田東保育園 | E25: 江南市前飛保町西町 2 ／ 江南市宮田神明町栄174 | F25: 2-1-18 2-4-6 2-1-2 | G25: 9.6km
B26: 教員 3 | C26: 大橋 | D26: 株式会社愛知イエローハット 一宮店 → TJ天気予報 7mm 北名古屋店 | E26: 一宮市緑４－３ー１３ ／ 北名古屋市鹿田才海82番2 | F26: 2-2-2 2-2-18 2-1-10 2-1-31 | G26: 27.0km
A27: 8/26(水) | B27: 教員 1 | C27: 堀場 | D27: 株式会社綿半ホームエイド江南店 → 江南市立布袋東保育園 | E27: 江南市上奈良町緑13 ／ 江南市小折町八反畑１４７ | F27: 2-1-9 2-1-20 2-1-24 2-2-10 | G27: 8.6km
B28: 教員 2 | C28: 藤田 | D28: 株式会社愛知イエローハット 一宮店 → サロンド榮 → 九品寺幼稚園 | E28: 一宮市緑４－３ー１３ ／ 一宮市浅野西大土106 ／ 一宮市真清田2-14-7 | F28: 2-2-7 2-3-16 2-1-26 2-1-8 2-4-9 | G28: 19.1km
B29: 教員 3 | C29: 藤村 | D29: 株式会社デンケン | E29: 愛知県犬山市大字羽黒字馬道7番地1 | F29: 2-1-25 2-4-28 | G29: 15.5km
B30: 教員 4 | C30: 森田 | D30: アメーテールアーム → アイカテック建材株式会社名古屋工場 | E30: 愛知県小牧市市之久田1-73-1 ／ 愛知県海部郡大治町大字西條字西之川２５ | F30: 2-1-12 2-4-10 2-3-5 2-3-19 2-4-17 | G30: 38.7km
A31: 8/27(木) | B31: 教員 1 | C31: 中原 | D31: 株式会社林商店 → 江南市立宮田保育園 → 株式会社デンケン | E31: 愛知県江南市野白町東千丸88 ／ 江南市飛保町新開23 ／ 愛知県犬山市大字羽黒字馬道7番地1 | F31: 2-4-15 2-4-19 2-1-30 2-2-19 2-3-14 2-4-16 | G31: 20.5km
B32: 教員 2 | C32: 横井 | D32: 江南市立布袋東保育園 → 株式会社愛知イエローハット 一宮店 → FUSION | E32: 江南市小折町八反畑１４７ ／ 一宮市緑４－３ー１３ ／ 一宮市大江2-9-19 | F32: 2-3-6 2-4-23 2-2-16 2-3-7 2-2-17 | G32: 18.3km
A33: 8/28(金) | B33: 教員 1 | C33: 大藪 | D33: 江南市立布袋北保育園 → 江南市立古知野北保育園 | E33: 江南市安良町八王子137 ／ 江南市勝佐町田代137番地 | F33: 2-1-23 2-1-4 2-3-2 2-3-4 2-3-9 | G33: 7.0km

Sheet 7-27月_教員1
A1: 見回り担当シート 7/27(月)
A2: 教員 1 担当 ※このシートを持参してください
A3: 氏名 | B3: =全日程一覧!C3 -> 後藤
A5: 順 | B5: 企業名 ／ 担当生徒 | C5: 住 所 （訪問先） | D5: 距離
A6: 1 | B6: きもの館なかね | C6: 愛知県江南市古知野町本郷３４ | D6: 学校から 1.8km
B7: 担当生徒: 1-5-9 1-5-10
A8: 2 | B8: 江南市立宮田南保育園 | C8: 江南市前飛保町西町 2 | D8: 前より 1.9km
B9: 担当生徒: 1-5-26
A10: 3 | B10: 株式会社扶桑守口食品 | C10: 愛知県丹羽郡扶桑町大字山那字屋敷地757 | D10: 前より 5.8km
B11: 担当生徒: 1-5-30 1-5-40
A12: 合計 3社 / 5名 / 計14.1km
A14: 備考・メモ

Sheet 7-27月_教員2
A1: 見回り担当シート 7/27(月)
A2: 教員 2 担当 ※このシートを持参してください
A3: 氏名 | B3: =全日程一覧!C4 -> 小串
A5: 順 | B5: 企業名 ／ 担当生徒 | C5: 住 所 （訪問先） | D5: 距離
A6: 1 | B6: 株式会社青山製作所 大口工場 | C6: 愛知県丹羽郡大口町高橋一丁目8番地 | D6: 学校から 1.1km
B7: 担当生徒: 1-5-17 2-1-11
A8: 2 | B8: 大口屋木賀工場 | C8: 江南市木賀町定和244-1 その他 | D8: 前より 2.4km
B9: 担当生徒: 1-5-20 1-5-21
A10: 合計 2社 / 4名 / 計5.8km
A12: 備考・メモ

Sheet 7-27月_教員3
A1: 見回り担当シート 7/27(月)
A2: 教員 3 担当 ※このシートを持参してください
A3: 氏名 | B3: =全日程一覧!C5 -> 藤田
A5: 順 | B5: 企業名 ／ 担当生徒 | C5: 住 所 （訪問先） | D5: 距離
A6: 1 | B6: ドコモショップ江南店 | C6: 愛知県江南市木賀町定和163 | D6: 学校から 2.4km
B7: 担当生徒: 2-1-6 2-1-13
A8: 2 | B8: 江南市立藤里保育園 | C8: 江南市藤が丘7丁目1-16 | D8: 前より 3.4km
B9: 担当生徒: 2-1-36
A10: 3 | B10: GARN（ガルン） モゾワンダーシティ店 | C10: 愛知県名古屋市西区二方町40番 | D10: 前より 14.3km
B11: 担当生徒: 2-4-1
A12: 合計 3社 / 4名 / 計32.1km
A14: 備考・メモ

Sheet 7-28火_教員1
A1: 見回り担当シート 7/28(火)
A2: 教員 1 担当 ※このシートを持参してください
A3: 氏名 | B3: =全日程一覧!C6 -> 杉村充
A5: 順 | B5: 企業名 ／ 担当生徒 | C5: 住 所 （訪問先） | D5: 距離
A6: 1 | B6: 江南中央食品 | C6: 江南市古知野町北屋敷242 | D6: 学校から 2.0km
B7: 担当生徒: 1-5-8
A8: 2 | B8: 大口屋木賀工場 | C8: 江南市木賀町定和244-1 その他 | D8: 前より 1.8km
B9: 担当生徒: 1-5-29 1-5-37
A10: 3 | B10: 株式会社扶桑守口食品 | C10: 愛知県丹羽郡扶桑町大字山那字屋敷地757 | D10: 前より 2.1km
B11: 担当生徒: 1-5-7 1-5-15
A12: 合計 3社 / 5名 / 計6.1km
A14: 備考・メモ

Sheet 7-28火_教員2
A1: 見回り担当シート 7/28(火)
A2: 教員 2 担当 ※このシートを持参してください
A3: 氏名 | B3: =全日程一覧!C7 -> 長谷川
A5: 順 | B5: 企業名 ／ 担当生徒 | C5: 住 所 （訪問先） | D5: 距離
A6: 1 | B6: サンハウス食品株式会社 | C6: 愛知県江南市高屋町西里７７番地 | D6: 学校から 2.6km
B7: 担当生徒: 1-5-16 1-5-19
A8: 2 | B8: 江南市立草井保育園 | C8: 江南市草井町若草57 | D8: 前より 1.9km
B9: 担当生徒: 1-5-12 1-5-14
A10: 合計 2社 / 4名 / 計11.0km
A12: 備考・メモ

Sheet 7-28火_教員3
A1: 見回り担当シート 7/28(火)
A2: 教員 3 担当 ※このシートを持参してください
A3: 氏名 | B3: =全日程一覧!C8 -> 水野
A5: 順 | B5: 企業名 ／ 担当生徒 | C5: 住 所 （訪問先） | D5: 距離
A6: 1 | B6: 江南市立藤里保育園 | C6: 江南市藤が丘7丁目1-16 | D6: 学校から 3.6km
B7: 担当生徒: 2-2-13
A8: 2 | B8: 東名化学工業株式会社 小牧工場 | C8: 小牧市大草檀之上5410 | D8: 前より 14.3km
B9: 担当生徒: 2-1-15 2-4-20
A10: 合計 2社 / 3名 / 計28.7km
A12: 備考・メモ

Sheet 7-29水_教員1
A1: 見回り担当シート 7/29(水)
A2: 教員 1 担当 ※このシートを持参してください
A3: 氏名 | B3: =全日程一覧!C9 -> 川瀬
A5: 順 | B5: 企業名 ／ 担当生徒 | C5: 住 所 （訪問先） | D5: 距離
A6: 1 | B6: 江南中央食品 | C6: 江南市古知野町北屋敷242 | D6: 学校から 2.0km
B7: 担当生徒: 1-5-35
A8: 2 | B8: 榮美容室本店 | C8: 一宮市大江2-9-16 | D8: 学校から 8.6km
B9: 担当生徒: 1-5-27
A10: 合計 2社 / 2名 / 計17.3km
A12: 備考・メモ

Sheet 7-29水_教員2
A1: 見回り担当シート 7/29(水)
A2: 教員 2 担当 ※このシートを持参してください
A3: 氏名 | B3: =全日程一覧!C10 -> 後藤
A5: 順 | B5: 企業名 ／ 担当生徒 | C5: 住 所 （訪問先） | D5: 距離
A6: 1 | B6: 江南市立布袋西保育園 | C6: 江南市木賀町定和３１ | D6: 前より 1.8km
B7: 担当生徒: 1-5-4 1-5-22
A8: 2 | B8: ガレ・ドゥ・ワタナベ | C8: 江南市小折町八反畑8 | D8: 前より 1.5km
B9: 担当生徒: 1-5-11 1-5-13
A10: 合計 3社 / 5名 / 計7.7km
A12: 備考・メモ

Sheet 7-29水_教員3
A1: 見回り担当シート 7/29(水)
A2: 教員 3 担当 ※このシートを持参してください
A3: 氏名 | B3: =全日程一覧!C11 -> 石黒慎
A5: 順 | B5: 企業名 ／ 担当生徒 | C5: 住 所 （訪問先） | D5: 距離
A6: 1 | B6: 株式会社綿半ホームエイド江南店 | C6: 江南市上奈良町緑13 | D6: 学校から 2.9km
B7: 担当生徒: 2-1-21 2-2-4
A8: 2 | B8: 江南市立藤里保育園 | C8: 江南市藤が丘7丁目1-16 | D8: 前より 2.2km
B9: 担当生徒: 2-2-20
A10: 合計 2社 / 3名 / 計8.6km
A12: 備考・メモ

Sheet 7-29水_教員4
A1: 見回り担当シート 7/29(水)
A2: 教員 4 担当 ※このシートを持参してください
A3: 氏名 | B3: =全日程一覧!C12 -> 梶田
A5: 順 | B5: 企業名 ／ 担当生徒 | C5: 住 所 （訪問先） | D5: 距離
A6: 1 | B6: 株式会社青山製作所 大口工場 | C6: 愛知県丹羽郡大口町高橋一丁目8番地 | D6: 学校から 1.1km
B7: 担当生徒: 2-2-14 2-4-21
A8: 2 | B8: キムラユニティー株式会社 犬山工場 | C8: 愛知県犬山市字舟田10番地 | D8: 前より 4.4km
B9: 担当生徒: 2-1-1 2-1-19 2-4-14
A10: 合計 2社 / 5名 / 計10.3km
A12: 備考・メモ

Sheet 7-30木_教員1
A1: 見回り担当シート 7/30(木)
A2: 教員 1 担当 ※このシートを持参してください
A3: 氏名 | B3: =全日程一覧!C13 -> 河合
A5: 順 | B5: 企業名 ／ 担当生徒 | C5: 住 所 （訪問先） | D5: 距離
A6: 1 | B6: 江南市立藤里保育園 | C6: 江南市藤が丘7丁目1-16 | D6: 学校から 3.6km
B7: 担当生徒: 2-4-7
A8: 合計 1社 / 1名 / 計7.2km
A10: 備考・メモ

Sheet 7-30木_教員2
A1: 見回り担当シート 7/30(木)
A2: 教員 2 担当 ※このシートを持参してください
A3: 氏名 | B3: =全日程一覧!C14 -> 川瀬
A5: 順 | B5: 企業名 ／ 担当生徒 | C5: 住 所 （訪問先） | D5: 距離
A6: 1 | B6: 江南市立古知野中保育園 | C6: 江南市古知野町熱田203 | D6: 学校から 2.0km
B7: 担当生徒: 1-5-18 1-5-39 2-4-3
A8: 2 | B8: 江南市立古知野西保育園 | C8: 江南市東野町郷前48 | D8: 前より 1.9km
B9: 担当生徒: 1-5-2 1-5-32
A10: 3 | B10: ガレ・ドゥ・ワタナベ | C10: 江南市小折町八反畑8 | D10: 前より 3.3km
B11: 担当生徒: 1-5-33 1-5-38
A12: 合計 3社 / 7名 / 計9.7km
A14: 備考・メモ

Sheet 7-30木_教員3
A1: 見回り担当シート 7/30(木)
A2: 教員 3 担当 ※このシートを持参してください
A3: 氏名 | B3: =全日程一覧!C15 -> 小池
A5: 順 | B5: 企業名 ／ 担当生徒 | C5: 住 所 （訪問先） | D5: 距離
A6: 1 | B6: 江南市立古知野東保育園 | C6: 江南市高屋町大師７２番地 | D6: 学校から 1.6km
B7: 担当生徒: 1-5-3 1-5-31
A8: 2 | B8: 江南市立小鹿保育園 | C8: 江南市小杁町長者毛東1 | D8: 前より 2.1km
B9: 担当生徒: 1-5-36 2-2-8
A10: 3 | B10: リスパック株式会社 真空成形工場 | C10: 愛知県犬山市羽黒宮浦1番地 | D10: 前より 6.3km
B11: 担当生徒: 1-5-6 2-1-27 2-1-28 2-3-11 2-3-17
A12: 合計 3社 / 9名 / 計14.9km
A14: 備考・メモ

Sheet 7-30木_教員4
A1: 見回り担当シート 7/30(木)
A2: 教員 4 担当 ※このシートを持参してください
A3: 氏名 | B3: =全日程一覧!C16 -> 本田
A5: 順 | B5: 企業名 ／ 担当生徒 | C5: 住 所 （訪問先） | D5: 距離
A6: 1 | B6: ＮＸキャッシュ・ロジスティクス株式会社 中部支店 | C6: 愛知県名古屋市中村区並木1-81-1 | D6: 学校から 20.3km
B7: 担当生徒: 2-2-9 2-2-11 2-2-15 2-4-12
A8: 合計 1社 / 4名 / 計40.6km
A10: 備考・メモ

Sheet 7-31金_教員1
A1: 見回り担当シート 7/31(金)
A2: 教員 1 担当 ※このシートを持参してください
A3: 氏名 | B3: =全日程一覧!C17 -> 本田
A5: 順 | B5: 企業名 ／ 担当生徒 | C5: 住 所 （訪問先） | D5: 距離
A6: 1 | B6: 江南市立布袋北保育園 | C6: 江南市安良町八王子137 | D6: 学校から 1.3km
B7: 担当生徒: 1-5-28
A8: 2 | B8: 江南市立古知野南保育園 | C8: 江南市古知野町塔塚160 | D8: 前より 1.8km
B9: 担当生徒: 1-5-23 2-1-17
A10: 3 | B10: 九品寺幼稚園 | C10: 一宮市真清田2-14-7 | D10: 前より 6.5km
B11: 担当生徒: 1-5-5
A12: 4 | B12: 江南市立宮田東保育園 | C12: 江南市宮田神明町栄174
B13: 担当生徒: 1-5-1 1-5-25
A15: 合計 4社 / 6名 / 計18.0km
A17: 備考・メモ

Sheet 7-31金_教員2
A1: 見回り担当シート 7/31(金)
A2: 教員 2 担当 ※このシートを持参してください
A3: 氏名 | B3: =全日程一覧!C18 -> 大脇
A5: 順 | B5: 企業名 ／ 担当生徒 | C5: 住 所 （訪問先） | D5: 距離
A6: 1 | B6: 東罐興業株式会社 小牧工場 | C6: 愛知県小牧市東田中2118 | D6: 学校から 6.4km
B7: 担当生徒: 1-5-34
A8: 2 | B8: 東名化学工業株式会社 小牧工場 | C8: 小牧市大草檀之上5410 | D8: 前より 5.1km
B9: 担当生徒: 2-3-8 2-3-13
A10: 合計 2社 / 3名 / 計22.3km
A12: 備考・メモ

Sheet 7-31金_教員3
A1: 見回り担当シート 7/31(金)
A2: 教員 3 担当 ※このシートを持参してください
A3: 氏名 | B3: =全日程一覧!C19 -> 石黒慎
A5: 順 | B5: 企業名 ／ 担当生徒 | C5: 住 所 （訪問先） | D5: 距離
A6: 1 | B6: グンゼ江南工場 | C6: 愛知県江南市村久野町鳥附１番地 | D6: 前より 1.3km
B7: 担当生徒: 1-5-24 2-1-29 2-1-32 2-3-12 2-3-15
A10: 合計 3社 / 8名 / 計8.4km
A12: 備考・メモ

Sheet 7-31金_教員4
A1: 見回り担当シート 7/31(金)
A2: 教員 4 担当 ※このシートを持参してください
A3: 氏名 | B3: =全日程一覧!C20 -> 村瀬
A5: 順 | B5: 企業名 ／ 担当生徒 | C5: 住 所 （訪問先） | D5: 距離
A6: 1 | B6: 福玉ロジスティクス株式会社 大口センター | C6: 集合場所：丹羽郡大口町御供所1-65 就業体験場所：丹羽郡大口町御供所3丁目122番地 | D6: 学校から 2.1km
B7: 担当生徒: 2-4-18 2-4-25
A8: 2 | B8: 株式会社メイコン 本社 | C8: 本社（愛知県小牧市大字三ツ渕950番地） | D8: 前より 2.5km
B9: 担当生徒: 2-1-14 2-2-6 2-4-24
A10: 合計 2社 / 5名 / 計9.2km
A12: 備考・メモ

Sheet 8-24月_教員1
A1: 見回り担当シート 8/24(月)
A2: 教員 1 担当 ※このシートを持参してください
A3: 氏名 | B3: =全日程一覧!C21 -> 内田
A5: 順 | B5: 企業名 ／ 担当生徒 | C5: 住 所 （訪問先） | D5: 距離
A6: 1 | B6: 美容室ISA | C6: 丹羽郡大口町丸2-36 メガドンキユニー大口店 1F | D6: 学校から 1.4km
B7: 担当生徒: 2-1-33 2-3-18
A8: 2 | B8: 江南市立古知野東保育園 | C8: 江南市高屋町大師７２番地 | D8: 前より 2.8km
B9: 担当生徒: 2-4-5 2-4-26
A10: 3 | B10: 江南市立小鹿保育園 | C10: 江南市小杁町長者毛東1 | D10: 前より 2.1km
B11: 担当生徒: 2-3-1 2-4-27
A12: 合計 3社 / 6名 / 計9.9km
A14: 備考・メモ

Sheet 8-24月_教員2
A1: 見回り担当シート 8/24(月)
A2: 教員 2 担当 ※このシートを持参してください
A3: 氏名 | B3: =全日程一覧!C22 -> 本田
A5: 順 | B5: 企業名 ／ 担当生徒 | C5: 住 所 （訪問先） | D5: 距離
A6: 1 | B6: きもの館なかね | C6: 愛知県江南市古知野町本郷３４ | D6: 学校から 1.8km
B7: 担当生徒: 2-4-2 2-4-4
A8: 2 | B8: 江南市立門弟山保育園 | C8: 江南市村久野町門弟山271 | D8: 前より 1.3km
B9: 担当生徒: 2-1-3 2-3-3
A10: 3 | B10: 江南市立古知野西保育園 | C10: 江南市東野町郷前48 | D10: 前より 1.9km
B11: 担当生徒: 2-4-8
A12: 合計 3社 / 5名 / 計8.5km
A14: 備考・メモ

Sheet 8-24月_教員3
A1: 見回り担当シート 8/24(月)
A2: 教員 3 担当 ※このシートを持参してください
A3: 氏名 | B3: =全日程一覧!C23 -> 松本
A5: 順 | B5: 企業名 ／ 担当生徒 | C5: 住 所 （訪問先） | D5: 距離
A6: 1 | B6: 福玉米粒麦株式会社 | C6: 愛知県江南市南山町西31 | D6: 学校から 2.5km
B7: 担当生徒: 2-1-22 2-2-1
A8: 2 | B8: 江南市立布袋保育園 | C8: 江南市布袋下山町南70 | D8: 前より 0.4km
B9: 担当生徒: 2-2-12
A10: 合計 2社 / 3名 / 計5.7km
A12: 備考・メモ

Sheet 8-25火_教員1
A1: 見回り担当シート 8/25(火)
A2: 教員 1 担当 ※このシートを持参してください
A3: 氏名 | B3: =全日程一覧!C24 -> 中原
A5: 順 | B5: 企業名 ／ 担当生徒 | C5: 住 所 （訪問先） | D5: 距離
A6: 1 | B6: 株式会社青山製作所 大口工場 | C6: 愛知県丹羽郡大口町高橋一丁目8番地 | D6: 学校から 1.1km
B7: 担当生徒: 2-3-10 2-4-13
A8: 2 | B8: 株式会社東海理化電機製作所 | C8: 愛知県丹羽郡大口町豊田三丁目260番地 | D8: 前より 1.9km
B9: 担当生徒: 2-1-34 2-1-35 2-4-29
A10: 3 | B10: 江南郵便局 | C10: 江南市赤童子町良原143-1 | D10: 前より 3.6km
B11: 担当生徒: 2-1-7 2-2-3 2-2-5
A12: 合計 3社 / 8名 / 計8.7km
A14: 備考・メモ

Sheet 8-25火_教員2
A1: 見回り担当シート 8/25(火)
A2: 教員 2 担当 ※このシートを持参してください
A3: 氏名 | B3: =全日程一覧!C25 -> 堀場
A5: 順 | B5: 企業名 ／ 担当生徒 | C5: 住 所 （訪問先） | D5: 距離
A6: 1 | B6: 江南市立宮田南保育園 | C6: 江南市前飛保町西町 2 | D6: 学校から 3.8km
B7: 担当生徒: 2-1-18 2-4-6
A8: 2 | B8: 江南市立宮田東保育園 | C8: 江南市宮田神明町栄174 | D8: 前より 1.7km
B9: 担当生徒: 2-1-2
A10: 合計 2社 / 3名 / 計9.6km
A12: 備考・メモ

Sheet 8-25火_教員3
A1: 見回り担当シート 8/25(火)
A2: 教員 3 担当 ※このシートを持参してください
A3: 氏名 | B3: =全日程一覧!C26 -> 大橋
A5: 順 | B5: 企業名 ／ 担当生徒 | C5: 住 所 （訪問先） | D5: 距離
A6: 1 | B6: 株式会社愛知イエローハット 一宮店 | C6: 一宮市緑４－３ー１３ | D6: 学校から 7.2km
B7: 担当生徒: 2-2-2 2-2-18
A8: 2 | B8: TJ天気予報 7mm 北名古屋店 | C8: 北名古屋市鹿田才海82番2 | D8: 前より 8.9km
B9: 担当生徒: 2-1-10 2-1-31
A10: 合計 2社 / 4名 / 計27.0km
A12: 備考・メモ

Sheet 8-26水_教員1
A1: 見回り担当シート 8/26(水)
A2: 教員 1 担当 ※このシートを持参してください
A3: 氏名 | B3: =全日程一覧!C27 -> 堀場
A5: 順 | B5: 企業名 ／ 担当生徒 | C5: 住 所 （訪問先） | D5: 距離
A6: 1 | B6: 株式会社綿半ホームエイド江南店 | C6: 江南市上奈良町緑13 | D6: 学校から 2.9km
B7: 担当生徒: 2-1-9 2-1-20
A8: 2 | B8: 江南市立布袋東保育園 | C8: 江南市小折町八反畑１４７ | D8: 前より 2.9km
B9: 担当生徒: 2-1-24 2-2-10
A10: 合計 2社 / 4名 / 計8.6km
A12: 備考・メモ

Sheet 8-26水_教員2
A1: 見回り担当シート 8/26(水)
A2: 教員 2 担当 ※このシートを持参してください
A3: 氏名 | B3: =全日程一覧!C28 -> 藤田
A5: 順 | B5: 企業名 ／ 担当生徒 | C5: 住 所 （訪問先） | D5: 距離
A6: 1 | B6: 株式会社愛知イエローハット 一宮店 | C6: 一宮市緑４－３ー１３ | D6: 学校から 7.2km
B7: 担当生徒: 2-2-7 2-3-16
A8: 2 | B8: サロンド榮 | C8: 一宮市浅野西大土106 | D8: 前より 0.7km
B9: 担当生徒: 2-1-26
A10: 3 | B10: 九品寺幼稚園 | C10: 一宮市真清田2-14-7 | D10: 前より 2.8km
B11: 担当生徒: 2-1-8 2-4-9
A12: 合計 3社 / 5名 / 計19.1km
A14: 備考・メモ

Sheet 8-26水_教員3
A1: 見回り担当シート 8/26(水)
A2: 教員 3 担当 ※このシートを持参してください
A3: 氏名 | B3: =全日程一覧!C29 -> 藤村
A5: 順 | B5: 企業名 ／ 担当生徒 | C5: 住 所 （訪問先） | D5: 距離
A6: 1 | B6: 株式会社デンケン | C6: 愛知県犬山市大字羽黒字馬道7番地1 | D6: 学校から 7.8km
B7: 担当生徒: 2-1-25 2-4-28
A8: 合計 1社 / 2名 / 計15.5km
A10: 備考・メモ

Sheet 8-26水_教員4
A1: 見回り担当シート 8/26(水)
A2: 教員 4 担当 ※このシートを持参してください
A3: 氏名 | B3: =全日程一覧!C30 -> 森田
A5: 順 | B5: 企業名 ／ 担当生徒 | C5: 住 所 （訪問先） | D5: 距離
A6: 1 | B6: アメーテールアーム | C6: 愛知県小牧市市之久田1-73-1 | D6: 学校から 7.1km
B7: 担当生徒: 2-1-12 2-4-10
A8: 2 | B8: アイカテック建材株式会社名古屋工場 | C8: 愛知県海部郡大治町大字西條字西之川２５ | D8: 前より 13.9km
B9: 担当生徒: 2-3-5 2-3-19 2-4-17
A10: 合計 2社 / 5名 / 計38.7km
A12: 備考・メモ

Sheet 8-27木_教員1
A1: 見回り担当シート 8/27(木)
A2: 教員 1 担当 ※このシートを持参してください
A3: 氏名 | B3: =全日程一覧!C31 -> 中原
A5: 順 | B5: 企業名 ／ 担当生徒 | C5: 住 所 （訪問先） | D5: 距離
A6: 1 | B6: 株式会社林商店 | C6: 愛知県江南市野白町東千丸88 | D6: 学校から 1.7km
B7: 担当生徒: 2-4-15 2-4-19
A8: 2 | B8: 江南市立宮田保育園 | C8: 江南市飛保町新開23 | D8: 前より 1.1km
B9: 担当生徒: 2-1-30 2-2-19
A10: 3 | B10: 株式会社デンケン | C10: 愛知県犬山市大字羽黒字馬道7番地1 | D10: 前より 9.9km
B11: 担当生徒: 2-3-14 2-4-16
A12: 合計 3社 / 6名 / 計20.5km
A14: 備考・メモ

Sheet 8-27木_教員2
A1: 見回り担当シート 8/27(木)
A2: 教員 2 担当 ※このシートを持参してください
A3: 氏名 | B3: =全日程一覧!C32 -> 横井
A5: 順 | B5: 企業名 ／ 担当生徒 | C5: 住 所 （訪問先） | D5: 距離
A6: 1 | B6: 江南市立布袋東保育園 | C6: 江南市小折町八反畑１４７ | D6: 学校から 2.9km
B7: 担当生徒: 2-3-6 2-4-23
A8: 2 | B8: 株式会社愛知イエローハット 一宮店 | C8: 一宮市緑４－３ー１３ | D8: 前より 5.0km
B9: 担当生徒: 2-2-16 2-3-7
A10: 3 | B10: FUSION | C10: 一宮市大江2-9-19 | D10: 前より 1.8km
B11: 担当生徒: 2-2-17
A12: 合計 3社 / 5名 / 計18.3km
A14: 備考・メモ

Sheet 8-28金_教員1
A1: 見回り担当シート 8/28(金)
A2: 教員 1 担当 ※このシートを持参してください
A3: 氏名 | B3: =全日程一覧!C33 -> 大藪
A5: 順 | B5: 企業名 ／ 担当生徒 | C5: 住 所 （訪問先） | D5: 距離
A6: 1 | B6: 江南市立布袋北保育園 | C6: 江南市安良町八王子137 | D6: 学校から 1.3km
B7: 担当生徒: 2-1-23
A8: 2 | B8: 江南市立古知野北保育園 | C8: 江南市勝佐町田代137番地 | D8: 前より 3.3km
B9: 担当生徒: 2-1-4 2-3-2 2-3-4 2-3-9
A10: 合計 2社 / 5名 / 計7.0km
A12: 備考・メモ

Sheet Sheet1
